"Issue No.","Requirement","Scenario","Defect","Score","Work Estimate"
"ISSUE-001","CA-REQ-001","No linter violations are present","9 Violations found, 7 fixable with auto-fix. Overlap with other requirements such as ambiguous variable names","2","3"
"ISSUE-002","CA-REQ-002","Code conforms to standard style guides","16 files found with style violations, fixable with ruff format","2","2"
"ISSUE-003","CA-REQ-002","Code conforms to standard style guides","Various instances of scoped imports / imports not at top of file","2","3"
"ISSUE-004","CA-REQ-002","Code conforms to standard style guides","Various instances of unused imports","2","2"
"ISSUE-005","CA-REQ-002","Code conforms to standard style guides","API flow logic and data processing logic is combined. The data logic must be abstracted to a service to support clean code, test mocking via dependency injection, unit testing of data concerns vs API flow","1","5"
"ISSUE-006","CA-REQ-002","Code conforms to standard style guides","API endpoints provide data without any metadata. Standards would require the use of standard response formatters","4","8"
"ISSUE-007","CA-REQ-003","Code uses strong typing","Endpoints in `reference.py` set the user object to None despite type requiring the variable be defined","3","2"
"ISSUE-008","CA-REQ-003","Code uses strong typing","All DB interactions type their return format as a generic `dict`.","4","8"
"ISSUE-009","CA-REQ-003","Code uses strong typing","Multiple instances of API request body's being spread into a dict for database injection, potential injection attack vector","5","5"
"ISSUE-010","CA-REQ-003","Code uses strong typing","Allocation periods default their `created_by` field to an integer","4","2"
"ISSUE-011","CA-REQ-003","Code uses strong typing","Inbound request validation allows extra parameters to be sent silently","7","3"
"ISSUE-012","CA-REQ-005","No unnecessary data is exposed","Inclusion of a list users endpoint is a potential GDPR violation","7","3"
"ISSUE-013","CA-REQ-005","No unnecessary data is exposed","No controls on viewing legal entities","6","2"
"ISSUE-014","CA-REQ-005","No unnecessary data is exposed","No controls on viewing expenses","6","2"
"ISSUE-015","CA-REQ-005","No unnecessary data is exposed","No controls on viewing activities","6","2"
"ISSUE-016","CA-REQ-006","Folder structure conforms to standard","All CRUD endpoints for Cost Centres, Legal Entities, Allocation Periods, and Activities are contained in a single resource file with an ambiguous name","2","3"
"ISSUE-017","CA-REQ-006","Folder structure conforms to standard","No meaningful folder structure beyond `routers` used","2","3"
"ISSUE-018","CA-REQ-006","Folder structure conforms to standard","Config file, DB abstraction, entry point, seeds and auth all listed next to one another","2","3"
"ISSUE-019","CA-REQ-006","Folder structure conforms to standard","No clear entry point specified","1","2"
"ISSUE-020","CA-REQ-007","Code complexity is low","No password complexity is enforced","7","5"
"ISSUE-021","CA-REQ-009","Code logic is robustly documented with inline comments","Majority of API handling logic is uncommented","3","13"
"ISSUE-022","CA-REQ-009","Code logic is robustly documented with inline comments","Non-standard block comments are used even for single functions","1","3"
"ISSUE-023","CA-REQ-009","Code logic is robustly documented with inline comments","Pydantic request-response models do not have class dosctrings","2","8"
"ISSUE-024","CA-REQ-009","Code logic is robustly documented with inline comments","May comments use invalid ASCII characters (most commonly em-dashes)","1","13"
"ISSUE-025","CA-REQ-009","Code logic is robustly documented with inline comments","Comment in main.py references a hard-coded localhost URL and port number","1","3"
"ISSUE-026","CA-REQ-010","API endpoints are well documented","FastAPI description uses inconsistent whitespace, references seed data, reveals internal logic, uses non ASCII characters.","6","3"
"ISSUE-027","CA-REQ-010","API endpoints are well documented","Endpoint descriptions are minimal and insufficient","3","13"
"ISSUE-028","CA-REQ-011","All functions include docstrings","Multiple instances of functions missing docstrings","2","8"
"ISSUE-029","CA-REQ-011","All functions include docstrings","Multiple instances of function docstrings not including arguments","2","8"
"ISSUE-030","CA-REQ-012","Variable names are high quality","Function `list_periods` reuses name 'status' from a top-level import","3","1"
"ISSUE-031","CA-REQ-012","Variable names are high quality","API uses snake-case variable names instead of camel-case","4","13"
"ISSUE-032","CA-REQ-012","Variable names are high quality","Use of a generic open-period checker function with a default raise condition is ambiguous due to unclear name and usage","4","13"
"ISSUE-033","CA-REQ-012","Variable names are high quality","Multiple instances of single-letter variable names","2","5"
"ISSUE-034","CA-REQ-012","Variable names are high quality","Multiple instances of generic variable names like `row`, and `rid` (row ID)","2","3"
"ISSUE-035","CA-REQ-012","Variable names are high quality","Generic class names such as the singleton class `Settings`, app may use multiple config classes in the future as per other projects","2","5"
"ISSUE-036","CA-REQ-014","Dependency scans are passed","Starlette test client is using `httpx` which is deprecated, `httpx2` is required","5","3"
"ISSUE-037","CA-REQ-014","Dependency scans are passed","Pytest version is using deprecated `asyncio.get_event_loop_policy` slated for removal in Python 3.16","5","3"
"ISSUE-038","CA-REQ-014","Dependency scans are passed","Static scanning with Safety yielded 23 package vulnerabilities, ignored 13 dues to policy, and suggested three fixes to resolve the remainder","5","5"
"ISSUE-039","CA-REQ-014","Dependency scans are passed","`jose/jwt` is using deprecated `datetime.datetime.utcnow()`","5","3"
"ISSUE-040","CA-REQ-014","Dependency scans are passed","Static scanning with pip-audit yielded 14 vulnerabilities across 5 packages","5","5"
"ISSUE-041","CA-REQ-015","Static linting against OpenAPI standards yields no errors","Only some endpoints explicitly list a default response status code","3","13"
"ISSUE-042","CA-REQ-015","Static linting against OpenAPI standards yields no errors","All endpoints are missing the "description" field (reported 57 times)","2","13"
"ISSUE-043","CA-REQ-015","Static linting against OpenAPI standards yields no errors","Tags used are not defined in the global scope (reported 59 times)","2","2"
"ISSUE-044","CA-REQ-015","Static linting against OpenAPI standards yields no errors","Key 'info' is missing 'contact'","2","2"
"ISSUE-045","CA-REQ-015","Static linting against OpenAPI standards yields no errors","Key 'servers' is not present","2","2"
"ISSUE-046","CA-REQ-017","An audit trail allows clear transaction history to be viewed for at least 7 years","Multiple entities can be deleted with no record of their having existed","7","21"
"ISSUE-047","CA-REQ-018","Transaction events are logged and searchable","No records are kept of changes being made","7","21"
"ISSUE-048","CA-REQ-022","Controls are in place to restrict addition of new users","No approvals are required to justify a new user. No signup reason is recorded","7","21"
"ISSUE-049","CA-REQ-022","Controls are in place to restrict addition of new users","No record is kept of who created a new user or why","7","5"
"ISSUE-050","CA-REQ-022","Controls are in place to restrict addition of new users","No justification or reason is recorded when a user is deactivated","7","5"
"ISSUE-051","CA-REQ-026","Data access is controlled with RBAC on the principle of least privilege","No ability exists to change or revoke a user's role","7","3"
"ISSUE-052","CA-REQ-026","Data access is controlled with RBAC on the principle of least privilege","User accounts and roles have no scheduled expiration or review mandated","4","13"
"ISSUE-053","CA-REQ-026","Data access is controlled with RBAC on the principle of least privilege","No ability exists to restore a deactivated user","4","5"
"ISSUE-054","CA-REQ-026","Data access is controlled with RBAC on the principle of least privilege","Endpoint protection applies a ranking system to roles assuming each inherits the privileges of the last. Roles should be accumulated instead of using inheritance.","7","5"
"ISSUE-055","CA-REQ-027","Data at-rest is encrypted","No encryption is enforced at application level. No instruction to implement DB-level encryption is present","5","2"
"ISSUE-056","CA-REQ-028","All API requests are logged","No logger is used","5","8"
"ISSUE-057","CA-REQ-029","No extraneous information is exposed","The health check endpoint lists quantity totals of records in each table","7","1"
"ISSUE-058","CA-REQ-031","Primary key columns are complex and unique strings (UUID)","Primary key columns are integers","7","13"
"ISSUE-059","CA-REQ-033","Database actions like transactions are compatible with Oracle","In some cases database interaction logic is contained in the API endpoint instead of being abstracted. This will be re-written to work cross-platform","7","13"
"ISSUE-060","CA-REQ-033","Database actions like transactions are compatible with Oracle","No control on where seeds will run, seed file runs on every restart","7","3"
"ISSUE-061","CA-REQ-046","Users can query individual cost centres by ID","Negative integers are accepted as IDs","5","3"
"ISSUE-062","CA-REQ-059","Admins can lock an allocation period","Attempts to lock an already locked allocation result in a 400 error","3","1"
"ISSUE-063","CA-REQ-070","Strong CORs controls and other header settings are used","CORs headers use wildcards with no restrictions","7","5"
"ISSUE-064","CA-REQ-071","Environment and config variables are securely handled","Application has no capacity to read in a credentials service","7","13"
"ISSUE-065","CA-REQ-071","Environment and config variables are securely handled","Use of enum types which are not abstracted to a constants file potentially leading to code drift and security control breakdown","3","5"
"ISSUE-066","CA-REQ-071","Environment and config variables are securely handled","Application loads credentials using a relative path","5","2"
"ISSUE-067","CA-REQ-071","Environment and config variables are securely handled","Application does not use a safe credentials loader such as ConfigParser potentially leading to secrets injection or logic faults","5","8"
"ISSUE-068","CA-REQ-071","Environment and config variables are securely handled","Application holds a JWT secret key hard-coded","6","2"
"ISSUE-069","CA-REQ-072","All database logic is wrapped in at least one exception catch","Majority of endpoints use a generic fallback try/except instead of specific exception cases","4","13"
"ISSUE-070","CA-REQ-073","Database transactions are abstracted via use of an ORM","All database interactions are manual, no ORM or other abstraction is used","6","21"
"ISSUE-071","CA-REQ-073","Database transactions are abstracted via use of an ORM","No SQL injection sanitisation is used anywhere","7","8"
"ISSUE-072","CA-REQ-071","Environment and config variables are securely handled","Application uses hard-coded host URL and port number","6","5"